Workbook

Sheet Sheet1
A1: 영역 | B1: 과목명 | C1: 원점수 | D1: 평균 | E1: 표준편차 | F1: 표준점수 | G1: 표점
A2: 국어 | B2: 언어와 매체 | C2: 0 | D2: =_xlfn.XLOOKUP(B2,Sheet2!$B$2:$B$21,Sheet2!$D$2:$D$21) -> 61.61 | E2: =_xlfn.XLOOKUP(B2,Sheet2!$B$2:$B$21,Sheet2!$E$2:$E$21) -> 21.58 | F2: =_xlfn.LET(_xlpm.Z,(C2-D2)/E2,IF(OR(A2="국어",A2="수학"),_xlpm.Z*20+100,IF(OR(A2="사회탐구",A2="과학탐구",A2="직업탐구"),_xlpm.Z*10+50,""))) -> 42.900834 | G2: =ROUND(F2,0) -> 43
A3: 국어 | B3: 언어와 매체 | C3: 1 | D3: =_xlfn.XLOOKUP(B3,Sheet2!$B$2:$B$21,Sheet2!$D$2:$D$21) -> 61.61 | E3: =_xlfn.XLOOKUP(B3,Sheet2!$B$2:$B$21,Sheet2!$E$2:$E$21) -> 21.58 | F3: =_xlfn.LET(_xlpm.Z,(C3-D3)/E3,IF(OR(A3="국어",A3="수학"),_xlpm.Z*20+100,IF(OR(A3="사회탐구",A3="과학탐구",A3="직업탐구"),_xlpm.Z*10+50,""))) -> 43.827618 | G3: =ROUND(F3,0) -> 44
A4: 국어 | B4: 언어와 매체 | C4: 2 | D4: =_xlfn.XLOOKUP(B4,Sheet2!$B$2:$B$21,Sheet2!$D$2:$D$21) -> 61.61 | E4: =_xlfn.XLOOKUP(B4,Sheet2!$B$2:$B$21,Sheet2!$E$2:$E$21) -> 21.58 | F4: =_xlfn.LET(_xlpm.Z,(C4-D4)/E4,IF(OR(A4="국어",A4="수학"),_xlpm.Z*20+100,IF(OR(A4="사회탐구",A4="과학탐구",A4="직업탐구"),_xlpm.Z*10+50,""))) -> 44.754402 | G4: =ROUND(F4,0) -> 45
A5: 국어 | B5: 언어와 매체 | C5: 3 | D5: =_xlfn.XLOOKUP(B5,Sheet2!$B$2:$B$21,Sheet2!$D$2:$D$21) -> 61.61 | E5: =_xlfn.XLOOKUP(B5,Sheet2!$B$2:$B$21,Sheet2!$E$2:$E$21) -> 21.58 | F5: =_xlfn.LET(_xlpm.Z,(C5-D5)/E5,IF(OR(A5="국어",A5="수학"),_xlpm.Z*20+100,IF(OR(A5="사회탐구",A5="과학탐구",A5="직업탐구"),_xlpm.Z*10+50,""))) -> 45.681186 | G5: =ROUND(F5,0) -> 46
A6: 국어 | B6: 언어와 매체 | C6: 4 | D6: =_xlfn.XLOOKUP(B6,Sheet2!$B$2:$B$21,Sheet2!$D$2:$D$21) -> 61.61 | E6: =_xlfn.XLOOKUP(B6,Sheet2!$B$2:$B$21,Sheet2!$E$2:$E$21) -> 21.58 | F6: =_xlfn.LET(_xlpm.Z,(C6-D6)/E6,IF(OR(A6="국어",A6="수학"),_xlpm.Z*20+100,IF(OR(A6="사회탐구",A6="과학탐구",A6="직업탐구"),_xlpm.Z*10+50,""))) -> 46.60797 | G6: =ROUND(F6,0) -> 47
A7: 국어 | B7: 언어와 매체 | C7: 5 | D7: =_xlfn.XLOOKUP(B7,Sheet2!$B$2:$B$21,Sheet2!$D$2:$D$21) -> 61.61 | E7: =_xlfn.XLOOKUP(B7,Sheet2!$B$2:$B$21,Sheet2!$E$2:$E$21) -> 21.58 | F7: =_xlfn.LET(_xlpm.Z,(C7-D7)/E7,IF(OR(A7="국어",A7="수학"),_xlpm.Z*20+100,IF(OR(A7="사회탐구",A7="과학탐구",A7="직업탐구"),_xlpm.Z*10+50,""))) -> 47.534754 | G7: =ROUND(F7,0) -> 48
A8: 국어 | B8: 언어와 매체 | C8: 6 | D8: =_xlfn.XLOOKUP(B8,Sheet2!$B$2:$B$21,Sheet2!$D$2:$D$21) -> 61.61 | E8: =_xlfn.XLOOKUP(B8,Sheet2!$B$2:$B$21,Sheet2!$E$2:$E$21) -> 21.58 | F8: =_xlfn.LET(_xlpm.Z,(C8-D8)/E8,IF(OR(A8="국어",A8="수학"),_xlpm.Z*20+100,IF(OR(A8="사회탐구",A8="과학탐구",A8="직업탐구"),_xlpm.Z*10+50,""))) -> 48.461538 | G8: =ROUND(F8,0) -> 48
A9: 국어 | B9: 언어와 매체 | C9: 7 | D9: =_xlfn.XLOOKUP(B9,Sheet2!$B$2:$B$21,Sheet2!$D$2:$D$21) -> 61.61 | E9: =_xlfn.XLOOKUP(B9,Sheet2!$B$2:$B$21,Sheet2!$E$2:$E$21) -> 21.58 | F9: =_xlfn.LET(_xlpm.Z,(C9-D9)/E9,IF(OR(A9="국어",A9="수학"),_xlpm.Z*20+100,IF(OR(A9="사회탐구",A9="과학탐구",A9="직업탐구"),_xlpm.Z*10+50,""))) -> 49.388323 | G9: =ROUND(F9,0) -> 49
A10: 국어 | B10: 언어와 매체 | C10: 8 | D10: =_xlfn.XLOOKUP(B10,Sheet2!$B$2:$B$21,Sheet2!$D$2:$D$21) -> 61.61 | E10: =_xlfn.XLOOKUP(B10,Sheet2!$B$2:$B$21,Sheet2!$E$2:$E$21) -> 21.58 | F10: =_xlfn.LET(_xlpm.Z,(C10-D10)/E10,IF(OR(A10="국어",A10="수학"),_xlpm.Z*20+100,IF(OR(A10="사회탐구",A10="과학탐구",A10="직업탐구"),_xlpm.Z*10+50,""))) -> 50.315107 | G10: =ROUND(F10,0) -> 50
A11: 국어 | B11: 언어와 매체 | C11: 9 | D11: =_xlfn.XLOOKUP(B11,Sheet2!$B$2:$B$21,Sheet2!$D$2:$D$21) -> 61.61 | E11: =_xlfn.XLOOKUP(B11,Sheet2!$B$2:$B$21,Sheet2!$E$2:$E$21) -> 21.58 | F11: =_xlfn.LET(_xlpm.Z,(C11-D11)/E11,IF(OR(A11="국어",A11="수학"),_xlpm.Z*20+100,IF(OR(A11="사회탐구",A11="과학탐구",A11="직업탐구"),_xlpm.Z*10+50,""))) -> 51.241891 | G11: =ROUND(F11,0) -> 51
A12: 국어 | B12: 언어와 매체 | C12: 10 | D12: =_xlfn.XLOOKUP(B12,Sheet2!$B$2:$B$21,Sheet2!$D$2:$D$21) -> 61.61 | E12: =_xlfn.XLOOKUP(B12,Sheet2!$B$2:$B$21,Sheet2!$E$2:$E$21) -> 21.58 | F12: =_xlfn.LET(_xlpm.Z,(C12-D12)/E12,IF(OR(A12="국어",A12="수학"),_xlpm.Z*20+100,IF(OR(A12="사회탐구",A12="과학탐구",A12="직업탐구"),_xlpm.Z*10+50,""))) -> 52.168675 | G12: =ROUND(F12,0) -> 52
A13: 국어 | B13: 언어와 매체 | C13: 11 | D13: =_xlfn.XLOOKUP(B13,Sheet2!$B$2:$B$21,Sheet2!$D$2:$D$21) -> 61.61 | E13: =_xlfn.XLOOKUP(B13,Sheet2!$B$2:$B$21,Sheet2!$E$2:$E$21) -> 21.58 | F13: =_xlfn.LET(_xlpm.Z,(C13-D13)/E13,IF(OR(A13="국어",A13="수학"),_xlpm.Z*20+100,IF(OR(A13="사회탐구",A13="과학탐구",A13="직업탐구"),_xlpm.Z*10+50,""))) -> 53.095459 | G13: =ROUND(F13,0) -> 53
... A1373: 과학탐구 | B1373: 화학II | C1373: 50 | D1373: =_xlfn.XLOOKUP(B1373,Sheet2!$B$2:$B$21,Sheet2!$D$2:$D$21) -> #N/A | E1373: =_xlfn.XLOOKUP(B1373,Sheet2!$B$2:$B$21,Sheet2!$E$2:$E$21) -> #N/A | F1373: =_xlfn.LET(_xlpm.Z,(C1373-D1373)/E1373,IF(OR(A1373="국어",A1373="수학"),_xlpm.Z*20+100,IF(OR(A1373="사회탐구",A1373="과학탐구",A1373="직업탐구"),_xlpm.Z*10+50,""))) -> #N/A | G1373: =ROUND(F1373,0) -> #N/A
A1374: 영어 | B1374: 영어 | C1374: 0 | G1374: 9
A1375: 영어 | B1375: 영어 | C1375: 1 | G1375: 9
A1376: 영어 | B1376: 영어 | C1376: 2 | G1376: 9
A1377: 영어 | B1377: 영어 | C1377: 3 | G1377: 9
A1378: 영어 | B1378: 영어 | C1378: 4 | G1378: 9
A1379: 영어 | B1379: 영어 | C1379: 5 | G1379: 9
A1380: 영어 | B1380: 영어 | C1380: 6 | G1380: 9
A1381: 영어 | B1381: 영어 | C1381: 7 | G1381: 9
A1382: 영어 | B1382: 영어 | C1382: 8 | G1382: 9
A1383: 영어 | B1383: 영어 | C1383: 9 | G1383: 9
A1384: 영어 | B1384: 영어 | C1384: 10 | G1384: 9
A1385: 영어 | B1385: 영어 | C1385: 11 | G1385: 9
... A1985: 제2외국어 | B1985: 한문I | C1985: 50 | G1985: 1

Sheet Sheet2
A1: 영역명 | B1: 선택과목명 | C1: 인원 | D1: 평균 | E1: 표준편차
A2: 국어 | B2: 화법과 작문 | C2: 191654 | D2: 52.14 | E2: 18.51
A3: 국어 | B3: 언어와 매체 | C3: 115423 | D3: 61.61 | E3: 21.58
A4: 수학 | B4: 확률과 통계 | C4: 165146 | D4: 28.79 | E4: 17.94
A5: 수학 | B5: 미적분 | C5: 133116 | D5: 48.67 | E5: 21.66
A6: 수학 | B6: 기하 | C6: 8131 | D6: 30.84 | E6: 20.34
A7: 영어 | B7: 영어 | C7: 308404 | D7: 53.48 | E7: 20.74
A8: 한국사 | B8: 한국사 | C8: 308815 | D8: 25.92 | E8: 9.94
A9: 탐구 | B9: 생활과 윤리 | C9: 103451 | D9: 21.08 | E9: 9.38
A10: 탐구 | B10: 윤리와 사상 | C10: 27368 | D10: 17.96 | E10: 8.94
A11: 탐구 | B11: 한국지리 | C11: 25940 | D11: 19.31 | E11: 10.46
A12: 탐구 | B12: 세계지리 | C12: 19085 | D12: 25.18 | E12: 11.56
A13: 탐구 | B13: 동아시아사 | C13: 12794 | D13: 21.44 | E13: 12.14
... A21: 탐구 | B21: 지구과학I | C21: 94905 | D21: 18.24 | E21: 9.99
